seed,rho,a_seed,eta,gamma,init_rho,valid_obj,valid_prob,test_obj,test_prob,time,valid_cover,test_cover,valid_in,test_in,valid_avg,avg_val,valid_cvar,test_cvar
0,0.0001,0,0.15,5,1.5,-0.17497040662904667,0.56,0.1574279810564952,0.572,0.000176333,0.0,0.0,-0.9853027794975234,-0.9561166682060865,-0.9094936677068074,-0.8487271261687621,0.39731226808732195,0.6932868549845312
0,0.00016378937069540646,0,0.15,5,1.5,-0.17497040666070976,0.56,0.15742798123445048,0.572,0.000176333,0.0,0.0,-0.9852457128558245,-0.9560608167145785,-0.9094936661013173,-0.8487271261691739,0.3973122674237374,0.693286852931649
0,0.00026826957952797245,0,0.15,5,1.5,-0.1749704067801474,0.56,0.15742798142193196,0.572,0.000176333,0.0,0.0,-0.9851522448810909,-0.9559693385701784,-0.9094936669653808,-0.8487271260715313,0.3973122678419194,0.6932868538683538
0,0.00043939705607607906,0,0.15,5,1.5,-0.17497040670828817,0.56,0.15742798098255234,0.572,0.000176333,0.0,0.0,-0.9849991535411834,-0.9558195067839942,-0.9094936663133592,-0.8487271261018534,0.39731226800053004,0.6932868527678765
0,0.0007196856730011522,0,0.15,5,1.5,-0.1749704066391906,0.56,0.15742797816891052,0.572,0.000176333,0.0,0.0,-0.9847484067457795,-0.9555740985754371,-0.9094936669550517,-0.8487271259463324,0.3973122682476659,0.6932868540953366
0,0.0011787686347935866,0,0.15,5,1.5,-0.1749704067011636,0.56,0.15742798164316715,0.572,0.000176333,0.0,0.0,-0.9843377096959558,-0.9551721456979188,-0.909493666956816,-0.8487271260073009,0.39731226805300984,0.6932868544694547
0,0.0019306977288832496,0,0.15,5,1.5,-0.17497040725532317,0.56,0.1574279799821632,0.572,0.000176333,0.0,0.0,-0.9836650315061746,-0.9545137894938661,-0.9094936673080614,-0.8487271261345024,0.39731226744683434,0.69328685422554
0,0.0031622776601683794,0,0.15,5,1.5,-0.1749704073639318,0.56,0.15742798162024607,0.568,0.000176333,0.0,0.0,-0.9825632568352944,-0.9534354726383963,-0.9094936675774806,-0.8487271262165227,0.3973122681623232,0.6932868549739871
0,0.005179474679231213,0,0.15,5,1.5,-0.17497040712221712,0.56,0.15742798089252777,0.568,0.000176333,0.0,0.0,-0.9807586661437802,-0.9516693033926976,-0.9094936677216334,-0.848727126085688,0.3973122680532847,0.6932868546420922
0,0.008483428982440717,0,0.15,5,1.5,-0.17497040686728965,0.56,0.15742798143610506,0.564,0.000176333,0.0,0.0,-0.9778029389550746,-0.9487765063335376,-0.9094936684099032,-0.8487271258602986,0.39731226798159613,0.6932868549049668
0,0.013894954943731374,0,0.15,5,1.5,-0.17497040669901703,0.56,0.1574279808595833,0.556,0.000176333,0.0,0.0,-0.9729733756307963,-0.9440585256902789,-0.9096239184444792,-0.8477366726435808,0.39731226814401477,0.6932868503609768
0,0.022758459260747887,0,0.15,5,1.5,-0.17497040662914345,0.57,0.15742798125409313,0.548,0.000176333,0.0,0.0,-0.9652270127566069,-0.9366022324604796,-0.8904716856980024,-0.838525703838516,0.39731226790894475,0.6826030773056444
0,0.03727593720314938,0,0.15,5,1.5,-0.17497040666704747,0.56,0.11495583487380238,0.532,0.000176333,0.0,0.0,-0.952899365985956,-0.9247981167421672,-0.8760387567366752,-0.8377838518000824,0.3973122668455305,0.6807002261660374
0,0.061054022965853265,0,0.15,5,1.5,-0.17497040894594595,0.56,0.11495583456472272,0.52,0.000176333,0.0,0.0,-0.9328512171180702,-0.9056320018867197,-0.875465494262169,-0.8377472031632122,0.39731225295616057,0.6807002162553423
0,0.1,0,0.15,5,1.5,-0.2380099480088262,0.53,-0.04252597495850928,0.484,0.000176333,0.0,0.0,-0.901921228378383,-0.8763289495076413,-0.8578109880973251,-0.8279807927351709,0.283628992814511,0.5866431439368376
0,0.11,0,0.15,5,1.5,-0.24303520171825105,0.51,-0.04252597726013726,0.48,0.000176333,0.0,0.0,-0.894450348558003,-0.869268773956171,-0.8550683297861519,-0.8272706466450782,0.2830706320770384,0.5828169567948963
0,0.1568421052631579,0,0.15,5,1.5,-0.2508281759775666,0.51,-0.10362519864500096,0.46,0.000176333,0.0,0.0,-0.8604539269777044,-0.8373392879867201,-0.8561811626357647,-0.8291408643724314,0.21386284435272454,0.38072646945687644
0,0.2036842105263158,0,0.15,5,1.5,-0.35002671890622583,0.44,-0.25730899297553833,0.444,0.000176333,0.0,0.0,-0.829598428534721,-0.809263861238775,-0.8581188865389862,-0.8302575176552951,0.05901794917666857,0.22558515419719494
0,0.25052631578947365,0,0.15,5,1.5,-0.3437678198111408,0.38,-0.3037985573560273,0.416,0.000176333,0.0,0.0,-0.8015267780895785,-0.7846754636899456,-0.8576325570946673,-0.8293169108266688,0.059713382233269226,0.20824509965860508
0,0.29736842105263156,0,0.15,5,1.5,-0.35735185986731904,0.35,-0.38903632445185216,0.368,0.000176333,0.0,0.0,-0.7746941260560241,-0.7614071833911124,-0.8480570700145498,-0.822749549347983,0.05820404259365105,0.15856048064701384
0,0.34421052631578947,0,0.15,5,1.5,-0.38139758850741057,0.31,-0.44521077826666977,0.352,0.000176333,0.0,0.0,-0.7495027263738467,-0.7396627850087139,-0.8428312799906837,-0.8224283465058054,-0.0020760664216831325,0.050240777353084326
0,0.3910526315789473,0,0.15,5,1.5,-0.422095966962909,0.29,-0.4724280096594922,0.324,0.000176333,0.0,0.0,-0.7263928648990731,-0.719551337728944,-0.8396683081856762,-0.8257817132443676,-0.04482574638026662,-0.04667947433002368
0,0.4378947368421052,0,0.15,5,1.5,-0.465460568115703,0.25,-0.5306408438120703,0.292,0.000176333,0.0,0.0,-0.7066646222496266,-0.7012951485147353,-0.8222323722010827,-0.8347602325322757,-0.18157942472139982,-0.26786845039841417
0,0.48473684210526313,0,0.15,5,1.5,-0.559341853599328,0.22,-0.5417788716759544,0.248,0.000176333,0.0,0.008,-0.6912910996612379,-0.6860704868764276,-0.8164968762010192,-0.8274315669076602,-0.27328673651448027,-0.3538320682850021
0,0.531578947368421,0,0.15,5,1.5,-0.5722892326782837,0.19,-0.553603310144984,0.204,0.000176333,0.01,0.008,-0.6775587564866935,-0.6721396278072365,-0.8142573754166161,-0.8243124251837741,-0.303363254412674,-0.3828911894332882
0,0.578421052631579,0,0.15,5,1.5,-0.6067596832401418,0.17,-0.5657584736607498,0.18,0.000176333,0.02,0.016,-0.664521518901072,-0.6588235535419055,-0.812536503363237,-0.8223799165824458,-0.3210168894484334,-0.3990476870619513
0,0.6252631578947369,0,0.15,5,1.5,-0.621920991926692,0.15,-0.5798978612561264,0.168,0.000176333,0.02,0.024,-0.6519330678116936,-0.6459103498837289,-0.8107627165649006,-0.8209247676040007,-0.3301740354426945,-0.409630538446575
0,0.6721052631578947,0,0.15,5,1.5,-0.6179508159452796,0.11,-0.5750928096107084,0.16,0.000176333,0.04,0.028,-0.6396457498602861,-0.6332667180320428,-0.809353679793949,-0.819847017694886,-0.33520190958888,-0.41629770908279284
0,0.7189473684210526,0,0.15,5,1.5,-0.6311794099479006,0.1,-0.5734321698720374,0.148,0.000176333,0.04,0.032,-0.6275646120003813,-0.620810777524537,-0.8081542434224892,-0.8190041726138946,-0.33885643432313234,-0.4209458777641404
0,0.7657894736842105,0,0.15,5,1.5,-0.6343618045943692,0.09,-0.5734321695419791,0.128,0.000176333,0.05,0.036,-0.6156413383723874,-0.6085070038991665,-0.8070869274771053,-0.8183203107807288,-0.34055582949158425,-0.4247934387377483
0,0.8126315789473684,0,0.15,5,1.5,-0.6370397911375857,0.08,-0.5734321698452396,0.12,0.000176333,0.07,0.056,-0.6038400668642336,-0.5963232062985262,-0.8061763398130659,-0.8177511500279341,-0.3419214587989272,-0.42804642351990907
0,0.8594736842105263,0,0.15,5,1.5,-0.6393308306410139,0.07,-0.5734321694423095,0.104,0.000176333,0.08,0.072,-0.5921424209858711,-0.5842441188815609,-0.8054652127126399,-0.8174346669689303,-0.34304623805950807,-0.43083863197230116
0,0.9063157894736842,0,0.15,5,1.5,-0.6410267466491766,0.07,-0.5734321694674835,0.092,0.000176333,0.09,0.08,-0.5806378411378188,-0.5723379207189266,-0.8048176907789641,-0.8160752875232504,-0.3553899451319988,-0.4392053015626601
0,0.9531578947368421,0,0.15,5,1.5,-0.6410510112625952,0.07,-0.5734321694819102,0.084,0.000176333,0.09,0.088,-0.5693037155198124,-0.560582450225196,-0.8041598699468389,-0.8158969762810081,-0.35446890023477534,-0.4406591083348172
0,1.0,0,0.15,5,1.5,-0.6410729446561114,0.07,-0.573432169480448,0.076,0.000176333,0.09,0.112,-0.5580330955731722,-0.5488979187698011,-0.8035850658641261,-0.8157250130227517,-0.35364827473116556,-0.44195709640210573
0,1.1,0,0.15,5,1.5,-0.6411132921765259,0.07,-0.5734321694762505,0.052,0.000176333,0.11,0.124,-0.5341478485389674,-0.524153258065692,-0.8025415358809029,-0.8154090311486232,-0.3521713087590772,-0.44431116008391225
0,1.2000000000000002,0,0.15,5,1.5,-0.6411467067267196,0.06,-0.5740417171707187,0.048,0.000176333,0.14,0.152,-0.5104446457696912,-0.499615584308885,-0.8016832889155403,-0.8151459019143192,-0.3509733988714088,-0.4462325526235433
0,1.3,0,0.15,5,1.5,-0.6411748850777195,0.06,-0.5761925349533643,0.044,0.000176333,0.16,0.18,-0.4870103496981746,-0.4754164922781586,-0.798754917146733,-0.8113716313044731,-0.3446623414892429,-0.44784279244176667
0,1.4000000000000001,0,0.15,5,1.5,-0.6007582505344415,0.05,-0.571756689847406,0.032,0.000176333,0.21,0.224,-0.4640757988403141,-0.45182635453258374,-0.7944660729138456,-0.8079455505593189,-0.3277376438246306,-0.4479377666345228
0,1.5,0,0.15,5,1.5,-0.5653705704613472,0.04,-0.5728931367802478,0.028,0.000176333,0.26,0.244,-0.44155671267794416,-0.42872304511841103,-0.7904445095615594,-0.8052342747622319,-0.315215404110731,-0.44429455197332907
0,1.6,0,0.15,5,1.5,-0.548511748647187,0.03,-0.5646804250257371,0.028,0.000176333,0.32,0.26,-0.419327954881841,-0.40594823567640653,-0.7876529850445809,-0.8042888520803367,-0.3059768712307387,-0.44297773616059133
0,1.7000000000000002,0,0.15,5,1.5,-0.5356354274029665,0.03,-0.5644138866729017,0.016,0.000176333,0.35,0.284,-0.39731684716224225,-0.38337659114882083,-0.7855061315578005,-0.8033243996680958,-0.2974325625957282,-0.44109946944807094
0,1.8,0,0.15,5,1.5,-0.5033746954664393,0.02,-0.5677073526398411,0.012,0.000176333,0.38,0.32,-0.37554207572803494,-0.36101405168273687,-0.7836453922208299,-0.8022405893246267,-0.2864950347315044,-0.439629627191566
0,1.9,0,0.15,5,1.5,-0.49011222059328563,0.02,-0.5710511324975579,0.012,0.000176333,0.41,0.368,-0.3539670162315521,-0.3388295420901653,-0.7820982350392615,-0.8013009766352188,-0.27745190845818957,-0.43844264454047915
0,2.0,0,0.15,5,1.5,-0.4809806855583645,0.02,-0.5734321706568088,0.012,0.000176333,0.46,0.384,-0.33255377649329654,-0.3167901079476497,-0.780764545400479,-0.8004931506769557,-0.26981114304719295,-0.43744204371779044
0,2.1,0,0.15,5,1.5,-0.4808662055524403,0.02,-0.57343217094704,0.008,0.000176333,0.47,0.408,-0.311273477851589,-0.29487044607693347,-0.7796001648291994,-0.7997894357299993,-0.26324921548626995,-0.4365125175120456
0,2.2,0,0.15,5,1.5,-0.4807622105779811,0.02,-0.5734321694792186,0.008,0.000176333,0.49,0.436,-0.2901046572825455,-0.2730537580615602,-0.7785288648324666,-0.7990922736473418,-0.2575382957266951,-0.4357152577516465
0,2.3,0,0.15,5,1.5,-0.4806673251914719,0.02,-0.5712898098756927,0.008,0.000176333,0.5,0.468,-0.2690307966257606,-0.25132790277320105,-0.777570796457874,-0.7984645172137811,-0.2525128558385854,-0.4347424413842669
0,2.4,0,0.15,5,1.5,-0.4805804016962223,0.02,-0.566196070949347,0.008,0.000176333,0.53,0.484,-0.2480380064884556,-0.22967983892423757,-0.776710666991698,-0.7979009414832253,-0.24804560074726517,-0.43328225376229934
0,2.5,0,0.15,5,1.5,-0.48050047691261205,0.02,-0.5644138855644736,0.008,0.000176333,0.54,0.5,-0.2271146840462329,-0.20809863432972134,-0.7760319646668046,-0.7974282516422542,-0.24518258516002917,-0.4321422334260441
0,2.5999999999999996,0,0.15,5,1.5,-0.48042673789990675,0.02,-0.5644138855628887,0.004,0.000176333,0.54,0.512,-0.20624527601890708,-0.1865700585880641,-0.775649423016094,-0.797085160732239,-0.24532552257920562,-0.43224456246404136
0,2.7,0,0.15,5,1.5,-0.4803585069663476,0.02,-0.5644138859720637,0.004,0.000176333,0.55,0.532,-0.1854208555168352,-0.16508572922196887,-0.7752980147163642,-0.7967712152665449,-0.24545735303985902,-0.4323384865575319
0,2.8,0,0.15,5,1.5,-0.4802951665079293,0.02,-0.5644138892508161,0.004,0.000176333,0.57,0.552,-0.16463611674094017,-0.14364049114866215,-0.774974333801572,-0.7964827209380114,-0.2455789034185808,-0.43242471632605084
0,2.9,0,0.15,5,1.5,-0.48023621274037503,0.02,-0.5644138853896183,0.004,0.000176333,0.59,0.576,-0.14388664424989,-0.12223002624003328,-0.7746730857451098,-0.7962143806268466,-0.24569130198125025,-0.4324988536699153
0,3.0,0,0.15,5,1.5,-0.4801812069108811,0.02,-0.5644138856552988,0.004,0.000176333,0.62,0.58,-0.12317044490320274,-0.10085194366676248,-0.774387488703407,-0.7959588255489852,-0.24579368850286964,-0.43254720137759234
0,3.0999999999999996,0,0.15,5,1.5,-0.48012976575653205,0.02,-0.5644138868357645,0.0,0.000176333,0.62,0.588,-0.10248484854929912,-0.07950348232324594,-0.7741219264537065,-0.7957214529871294,-0.24588919918502045,-0.43259202546769177
0,3.1999999999999997,0,0.15,5,1.5,-0.4800815523070716,0.01,-0.5644138872990512,0.0,0.000176333,0.63,0.604,-0.08182677677082976,-0.05818168659229505,-0.7738740677940011,-0.7955003868801809,-0.24597837401353737,-0.432634285287381
0,3.3,0,0.15,5,1.5,-0.48003627295820095,0.01,-0.564413887480452,0.0,0.000176333,0.65,0.608,-0.06119355796240356,-0.03688398745045605,-0.7736422214922065,-0.7952939267760621,-0.24606208997756993,-0.43267386032688043
0,3.4,0,0.15,5,1.5,-0.47999367304032725,0.01,-0.5592146106763176,0.0,0.000176333,0.66,0.636,-0.040582859823083496,-0.015608139458702368,-0.7734250395085028,-0.7951006857926843,-0.24614088360580222,-0.43249434010814203
0,3.5,0,0.15,5,1.5,-0.4799535093031365,0.01,-0.5540499464425744,0.0,0.000176333,0.66,0.66,-0.01999263736236576,0.0056478287562827635,-0.7732209388357788,-0.7949192978815065,-0.24621521323698906,-0.4323139730909497
